object_id,chamfer_distance_o3d
06145,0.012146666921283869
09639,0.01598530932411222
06145,0.012113087015080747
05117,0.01455812580156483
01184,0.017646168785820628
